category,save_array,save_index,towersmith_field,display_name,import_mapped,notes
workshop_attack,upgradeWorkshopLevel,0,damageLevel,Damage,yes,
workshop_attack,upgradeWorkshopLevel,1,attackSpeedLevel,Attack Speed,yes,
workshop_attack,upgradeWorkshopLevel,2,critChanceLevel,Crit Chance,yes,
workshop_attack,upgradeWorkshopLevel,3,critFactorLevel,Crit Factor,yes,
workshop_attack,upgradeWorkshopLevel,4,attackRangeLevel,Range,yes,
workshop_attack,upgradeWorkshopLevel,5,damagePerMeterLevel,Damage/Meter,yes,
workshop_attack,upgradeWorkshopLevel,6,multishotChanceLevel,Multishot Chance,yes,
workshop_attack,upgradeWorkshopLevel,7,multishotTargetsLevel,Multishot Targets,yes,
workshop_attack,upgradeWorkshopLevel,8,rapidFireChanceLevel,Rapid Fire Chance,yes,
workshop_attack,upgradeWorkshopLevel,9,rapidFireDurationLevel,Rapid Fire Duration,yes,
workshop_attack,upgradeWorkshopLevel,10,bounceShotChanceLevel,Bounce Shot Chance,yes,
workshop_attack,upgradeWorkshopLevel,11,bounceShotTargetsLevel,Bounce Shot Targets,yes,
workshop_attack,upgradeWorkshopLevel,12,bounceShotRangeLevel,Bounce Shot Range,yes,
workshop_attack,upgradeWorkshopLevel,13,superCritChanceLevel,Super Crit Chance,yes,
workshop_attack,upgradeWorkshopLevel,14,superCritMultLevel,Super Crit Mult,yes,
workshop_attack,upgradeWorkshopLevel,15,rendArmorChanceLevel,Rend Armor Chance,yes,
workshop_attack,upgradeWorkshopLevel,16,rendArmorMultLevel,Rend Armor Mult,yes,
workshop_attack,upgradeWorkshopLevel,17,,"(save slot 17, not mapped)",no,index beyond TowerSmith key list
workshop_attack,upgradeWorkshopLevel,18,,"(save slot 18, not mapped)",no,index beyond TowerSmith key list
workshop_attack,upgradeWorkshopLevel,19,,"(save slot 19, not mapped)",no,index beyond TowerSmith key list
workshop_attack,upgradeWorkshopLevel,20,,"(save slot 20, not mapped)",no,index beyond TowerSmith key list
workshop_defense,upgradeWorkshopDefenseLevel,0,healthLevel,Health,yes,
workshop_defense,upgradeWorkshopDefenseLevel,1,healthRegenLevel,Health Regen,yes,
workshop_defense,upgradeWorkshopDefenseLevel,2,defensePercentLevel,Defense %,yes,
workshop_defense,upgradeWorkshopDefenseLevel,3,defenseAbsoluteLevel,Defense Absolute,yes,
workshop_defense,upgradeWorkshopDefenseLevel,4,thornDamageLevel,Thorn Damage,yes,
workshop_defense,upgradeWorkshopDefenseLevel,5,lifestealLevel,Lifesteal,yes,
workshop_defense,upgradeWorkshopDefenseLevel,6,knockbackChanceLevel,Knockback Chance,yes,
workshop_defense,upgradeWorkshopDefenseLevel,7,knockbackForceLevel,Knockback Force,yes,
workshop_defense,upgradeWorkshopDefenseLevel,8,orbSpeedLevel,Orb Speed,yes,
workshop_defense,upgradeWorkshopDefenseLevel,9,orbsLevel,Orbs,yes,
workshop_defense,upgradeWorkshopDefenseLevel,10,shockwaveSizeLevel,Shockwave Size,yes,
workshop_defense,upgradeWorkshopDefenseLevel,11,shockwaveFrequencyLevel,Shockwave Frequency,yes,
workshop_defense,upgradeWorkshopDefenseLevel,12,landMineChanceLevel,Land Mine Chance,yes,
workshop_defense,upgradeWorkshopDefenseLevel,13,landMineDamageLevel,Land Mine Damage,yes,
workshop_defense,upgradeWorkshopDefenseLevel,14,landMineRadiusLevel,Land Mine Radius,yes,
workshop_defense,upgradeWorkshopDefenseLevel,15,deathDefyLevel,Death Defy,yes,
workshop_defense,upgradeWorkshopDefenseLevel,16,wallHealthLevel,Wall Health,yes,
workshop_defense,upgradeWorkshopDefenseLevel,17,wallRebuildLevel,Wall Rebuild,yes,
workshop_utility,upgradeWorkshopUtilityLevel,0,cashBonusLevel,Cash Bonus,yes,
workshop_utility,upgradeWorkshopUtilityLevel,1,cashPerWaveLevel,Cash/Wave,yes,
workshop_utility,upgradeWorkshopUtilityLevel,2,coinsKillBonusLevel,Coins/Kill,yes,
workshop_utility,upgradeWorkshopUtilityLevel,3,coinsWaveLevel,Coins/Wave,yes,
workshop_utility,upgradeWorkshopUtilityLevel,4,freeAttackUpgradeLevel,Free Attack Upgrade,yes,
workshop_utility,upgradeWorkshopUtilityLevel,5,freeDefenseUpgradeLevel,Free Defense Upgrade,yes,
workshop_utility,upgradeWorkshopUtilityLevel,6,freeUtilityUpgradeLevel,Free Utility Upgrade,yes,
workshop_utility,upgradeWorkshopUtilityLevel,7,interestPerWaveLevel,Interest/Wave,yes,
workshop_utility,upgradeWorkshopUtilityLevel,8,recoveryAmountLevel,Recovery Amount,yes,
workshop_utility,upgradeWorkshopUtilityLevel,9,maxRecoveryLevel,Max Recovery,yes,
workshop_utility,upgradeWorkshopUtilityLevel,10,packageChanceLevel,Package Chance,yes,
workshop_utility,upgradeWorkshopUtilityLevel,11,enemyAttackLevelSkipLevel,Enemy Attack Level Skip,yes,
workshop_utility,upgradeWorkshopUtilityLevel,12,enemyHealthLevelSkipLevel,Enemy Health Level Skip,yes,
enhance_attack,enhancementLevel,0,enhanceDamageLevel,enhanceDamageLevel,yes,
enhance_attack,enhancementLevel,1,enhanceRendArmorLevel,enhanceRendArmorLevel,yes,
enhance_attack,enhancementLevel,2,enhanceCritFactorLevel,enhanceCritFactorLevel,yes,
enhance_attack,enhancementLevel,3,enhanceDamagePerMeterLevel,enhanceDamagePerMeterLevel,yes,
enhance_attack,enhancementLevel,4,enhanceSuperCritMultLevel,enhanceSuperCritMultLevel,yes,
enhance_attack,enhancementLevel,5,enhanceAttackSpeedLevel,enhanceAttackSpeedLevel,yes,
enhance_defense,enhancementDefenseLevel,0,enhanceHealthLevel,enhanceHealthLevel,yes,
enhance_defense,enhancementDefenseLevel,1,enhanceHealthRegenLevel,enhanceHealthRegenLevel,yes,
enhance_defense,enhancementDefenseLevel,2,enhanceDefenseAbsoluteLevel,enhanceDefenseAbsoluteLevel,yes,
enhance_defense,enhancementDefenseLevel,3,enhanceLandMineDamageLevel,enhanceLandMineDamageLevel,yes,
enhance_defense,enhancementDefenseLevel,4,enhanceWallHealthLevel,enhanceWallHealthLevel,yes,
enhance_defense,enhancementDefenseLevel,5,enhanceOrbSizeLevel,enhanceOrbSizeLevel,yes,
enhance_utility,enhancementUtilityLevel,0,enhanceCashBonusLevel,enhanceCashBonusLevel,yes,
enhance_utility,enhancementUtilityLevel,1,enhanceCoinBonusLevel,enhanceCoinBonusLevel,yes,
enhance_utility,enhancementUtilityLevel,2,enhanceCellsKillBonusLevel,enhanceCellsKillBonusLevel,yes,
enhance_utility,enhancementUtilityLevel,3,enhanceFreeUpgradesLevel,enhanceFreeUpgradesLevel,yes,
enhance_utility,enhancementUtilityLevel,4,enhanceRecoveryPackageLevel,enhanceRecoveryPackageLevel,yes,
enhance_utility,enhancementUtilityLevel,5,enhanceEnemyLevelSkipLevel,enhanceEnemyLevelSkipLevel,yes,
bot_owned,botsUnlocked,0,flameOwned,flame bot (owned),yes,assumes save index matches WORKSHOP_BOT_ORDER
bot_active,botsActive,0,flameActive,flame bot (active),yes,assumes save index matches WORKSHOP_BOT_ORDER
bot_owned,botsUnlocked,1,thunderOwned,thunder bot (owned),yes,assumes save index matches WORKSHOP_BOT_ORDER
bot_active,botsActive,1,thunderActive,thunder bot (active),yes,assumes save index matches WORKSHOP_BOT_ORDER
bot_owned,botsUnlocked,2,goldenOwned,golden bot (owned),yes,assumes save index matches WORKSHOP_BOT_ORDER
bot_active,botsActive,2,goldenActive,golden bot (active),yes,assumes save index matches WORKSHOP_BOT_ORDER
bot_owned,botsUnlocked,3,amplifyOwned,amplify bot (owned),yes,assumes save index matches WORKSHOP_BOT_ORDER
bot_active,botsActive,3,amplifyActive,amplify bot (active),yes,assumes save index matches WORKSHOP_BOT_ORDER
bot_owned,botsUnlocked,4,botBotOwned,botBot bot (owned),yes,assumes save index matches WORKSHOP_BOT_ORDER
bot_active,botsActive,4,botBotActive,botBot bot (active),yes,assumes save index matches WORKSHOP_BOT_ORDER
bot_upgrade,botsLevel,0,flameBotDamageReductionLevel,flameBotDamageReductionLevel,yes,linear index → WORKSHOP_BOT_UPGRADE_ORDER
bot_upgrade,botsLevel,1,flameBotCooldownLevel,flameBotCooldownLevel,yes,linear index → WORKSHOP_BOT_UPGRADE_ORDER
bot_upgrade,botsLevel,2,flameBotDamageLevel,flameBotDamageLevel,yes,linear index → WORKSHOP_BOT_UPGRADE_ORDER
bot_upgrade,botsLevel,3,flameBotRangeLevel,flameBotRangeLevel,yes,linear index → WORKSHOP_BOT_UPGRADE_ORDER
bot_upgrade,botsLevel,4,thunderBotDurationLevel,thunderBotDurationLevel,yes,linear index → WORKSHOP_BOT_UPGRADE_ORDER
bot_upgrade,botsLevel,5,thunderBotCooldownLevel,thunderBotCooldownLevel,yes,linear index → WORKSHOP_BOT_UPGRADE_ORDER
bot_upgrade,botsLevel,6,thunderBotLingerLevel,thunderBotLingerLevel,yes,linear index → WORKSHOP_BOT_UPGRADE_ORDER
bot_upgrade,botsLevel,7,thunderBotRangeLevel,thunderBotRangeLevel,yes,linear index → WORKSHOP_BOT_UPGRADE_ORDER
bot_upgrade,botsLevel,8,goldenBotDurationLevel,goldenBotDurationLevel,yes,linear index → WORKSHOP_BOT_UPGRADE_ORDER
bot_upgrade,botsLevel,9,goldenBotCooldownLevel,goldenBotCooldownLevel,yes,linear index → WORKSHOP_BOT_UPGRADE_ORDER
bot_upgrade,botsLevel,10,goldenBotBonusLevel,goldenBotBonusLevel,yes,linear index → WORKSHOP_BOT_UPGRADE_ORDER
bot_upgrade,botsLevel,11,goldenBotRangeLevel,goldenBotRangeLevel,yes,linear index → WORKSHOP_BOT_UPGRADE_ORDER
bot_upgrade,botsLevel,12,amplifyBotDurationLevel,amplifyBotDurationLevel,yes,linear index → WORKSHOP_BOT_UPGRADE_ORDER
bot_upgrade,botsLevel,13,amplifyBotCooldownLevel,amplifyBotCooldownLevel,yes,linear index → WORKSHOP_BOT_UPGRADE_ORDER
bot_upgrade,botsLevel,14,amplifyBotBonusLevel,amplifyBotBonusLevel,yes,linear index → WORKSHOP_BOT_UPGRADE_ORDER
bot_upgrade,botsLevel,15,amplifyBotRangeLevel,amplifyBotRangeLevel,yes,linear index → WORKSHOP_BOT_UPGRADE_ORDER
bot_upgrade,botsLevel,16,botBotDurationLevel,botBotDurationLevel,yes,linear index → WORKSHOP_BOT_UPGRADE_ORDER
bot_upgrade,botsLevel,17,botBotCooldownLevel,botBotCooldownLevel,yes,linear index → WORKSHOP_BOT_UPGRADE_ORDER
bot_upgrade,botsLevel,18,botBotBonusLevel,botBotBonusLevel,yes,linear index → WORKSHOP_BOT_UPGRADE_ORDER
bot_upgrade,botsLevel,19,botBotRangeLevel,botBotRangeLevel,yes,linear index → WORKSHOP_BOT_UPGRADE_ORDER
ultimate_owned,ultimateWeaponUnlocked,5,goldenTowerOwned,Golden Tower,yes,UI order 0; game index 5
ultimate_active,ultimateWeaponOn,5,goldenTowerActive,Golden Tower,yes,UI order 0; game index 5
ultimate_upgrade,ultimateWeaponLevel,15,goldenTowerBonusLevel,Golden Tower upgrade 0,yes,"game weapon 5, slot 0"
ultimate_upgrade,ultimateWeaponLevel,16,goldenTowerDurationLevel,Golden Tower upgrade 1,yes,"game weapon 5, slot 1"
ultimate_upgrade,ultimateWeaponLevel,17,goldenTowerCooldownLevel,Golden Tower upgrade 2,yes,"game weapon 5, slot 2"
ultimate_owned,ultimateWeaponUnlocked,7,blackHoleOwned,Black Hole,yes,UI order 1; game index 7
ultimate_active,ultimateWeaponOn,7,blackHoleActive,Black Hole,yes,UI order 1; game index 7
ultimate_upgrade,ultimateWeaponLevel,21,blackHoleSizeLevel,Black Hole upgrade 0,yes,"game weapon 7, slot 0"
ultimate_upgrade,ultimateWeaponLevel,22,blackHoleDurationLevel,Black Hole upgrade 1,yes,"game weapon 7, slot 1"
ultimate_upgrade,ultimateWeaponLevel,23,blackHoleCooldownLevel,Black Hole upgrade 2,yes,"game weapon 7, slot 2"
ultimate_owned,ultimateWeaponUnlocked,8,spotlightOwned,Spotlight,yes,UI order 2; game index 8
ultimate_active,ultimateWeaponOn,8,spotlightActive,Spotlight,yes,UI order 2; game index 8
ultimate_upgrade,ultimateWeaponLevel,24,spotlightBonusLevel,Spotlight upgrade 0,yes,"game weapon 8, slot 0"
ultimate_upgrade,ultimateWeaponLevel,25,spotlightAngleLevel,Spotlight upgrade 1,yes,"game weapon 8, slot 1"
ultimate_upgrade,ultimateWeaponLevel,26,spotlightQuantityLevel,Spotlight upgrade 2,yes,"game weapon 8, slot 2"
ultimate_owned,ultimateWeaponUnlocked,2,deathWaveOwned,Death Wave,yes,UI order 3; game index 2
ultimate_active,ultimateWeaponOn,2,deathWaveActive,Death Wave,yes,UI order 3; game index 2
ultimate_upgrade,ultimateWeaponLevel,6,deathWaveDamageLevel,Death Wave upgrade 0,yes,"game weapon 2, slot 0"
ultimate_upgrade,ultimateWeaponLevel,7,deathWaveQuantityLevel,Death Wave upgrade 1,yes,"game weapon 2, slot 1"
ultimate_upgrade,ultimateWeaponLevel,8,deathWaveCooldownLevel,Death Wave upgrade 2,yes,"game weapon 2, slot 2"
ultimate_owned,ultimateWeaponUnlocked,0,chainLightningOwned,Chain Lightning,yes,UI order 4; game index 0
ultimate_active,ultimateWeaponOn,0,chainLightningActive,Chain Lightning,yes,UI order 4; game index 0
ultimate_upgrade,ultimateWeaponLevel,0,chainLightningDamageLevel,Chain Lightning upgrade 0,yes,"game weapon 0, slot 0"
ultimate_upgrade,ultimateWeaponLevel,1,chainLightningQuantityLevel,Chain Lightning upgrade 1,yes,"game weapon 0, slot 1"
ultimate_upgrade,ultimateWeaponLevel,2,chainLightningChanceLevel,Chain Lightning upgrade 2,yes,"game weapon 0, slot 2"
ultimate_owned,ultimateWeaponUnlocked,1,smartMissilesOwned,Smart Missiles,yes,UI order 5; game index 1
ultimate_active,ultimateWeaponOn,1,smartMissilesActive,Smart Missiles,yes,UI order 5; game index 1
ultimate_upgrade,ultimateWeaponLevel,3,smartMissilesDamageLevel,Smart Missiles upgrade 0,yes,"game weapon 1, slot 0"
ultimate_upgrade,ultimateWeaponLevel,4,smartMissilesQuantityLevel,Smart Missiles upgrade 1,yes,"game weapon 1, slot 1"
ultimate_upgrade,ultimateWeaponLevel,5,smartMissilesCooldownLevel,Smart Missiles upgrade 2,yes,"game weapon 1, slot 2"
ultimate_owned,ultimateWeaponUnlocked,4,innerLandMinesOwned,Inner Land Mines,yes,UI order 6; game index 4
ultimate_active,ultimateWeaponOn,4,innerLandMinesActive,Inner Land Mines,yes,UI order 6; game index 4
ultimate_upgrade,ultimateWeaponLevel,12,innerLandMinesDamageLevel,Inner Land Mines upgrade 0,yes,"game weapon 4, slot 0"
ultimate_upgrade,ultimateWeaponLevel,13,innerLandMinesQuantityLevel,Inner Land Mines upgrade 1,yes,"game weapon 4, slot 1"
ultimate_upgrade,ultimateWeaponLevel,14,innerLandMinesCooldownLevel,Inner Land Mines upgrade 2,yes,"game weapon 4, slot 2"
ultimate_owned,ultimateWeaponUnlocked,6,poisonSwampOwned,Poison Swamp,yes,UI order 7; game index 6
ultimate_active,ultimateWeaponOn,6,poisonSwampActive,Poison Swamp,yes,UI order 7; game index 6
ultimate_upgrade,ultimateWeaponLevel,18,poisonSwampDamageLevel,Poison Swamp upgrade 0,yes,"game weapon 6, slot 0"
ultimate_upgrade,ultimateWeaponLevel,19,poisonSwampDurationLevel,Poison Swamp upgrade 1,yes,"game weapon 6, slot 1"
ultimate_upgrade,ultimateWeaponLevel,20,poisonSwampCooldownLevel,Poison Swamp upgrade 2,yes,"game weapon 6, slot 2"
ultimate_owned,ultimateWeaponUnlocked,3,chronoFieldOwned,Chrono Field,yes,UI order 8; game index 3
ultimate_active,ultimateWeaponOn,3,chronoFieldActive,Chrono Field,yes,UI order 8; game index 3
ultimate_upgrade,ultimateWeaponLevel,9,chronoFieldDurationLevel,Chrono Field upgrade 0,yes,"game weapon 3, slot 0"
ultimate_upgrade,ultimateWeaponLevel,10,chronoFieldSlowLevel,Chrono Field upgrade 1,yes,"game weapon 3, slot 1"
ultimate_upgrade,ultimateWeaponLevel,11,chronoFieldCooldownLevel,Chrono Field upgrade 2,yes,"game weapon 3, slot 2"
ultimate_plus,ultimateWeaponPlusLevel,0,ultimatePlusChainLightningSmiteLevel,chainLightningSmite,yes,wiki plus unlock order
ultimate_plus,ultimateWeaponPlusLevel,1,ultimatePlusSmartMissilesCoverFireLevel,smartMissilesCoverFire,yes,wiki plus unlock order
ultimate_plus,ultimateWeaponPlusLevel,2,ultimatePlusPoisonSwampDeathCreepLevel,poisonSwampDeathCreep,yes,wiki plus unlock order
ultimate_plus,ultimateWeaponPlusLevel,3,ultimatePlusGoldenTowerGoldenComboLevel,goldenTowerGoldenCombo,yes,wiki plus unlock order
ultimate_plus,ultimateWeaponPlusLevel,4,ultimatePlusInnerLandMinesChargedMinesLevel,innerLandMinesChargedMines,yes,wiki plus unlock order
ultimate_plus,ultimateWeaponPlusLevel,5,ultimatePlusDeathWaveKillWallLevel,deathWaveKillWall,yes,wiki plus unlock order
ultimate_plus,ultimateWeaponPlusLevel,6,ultimatePlusBlackHoleConsumeLevel,blackHoleConsume,yes,wiki plus unlock order
ultimate_plus,ultimateWeaponPlusLevel,7,ultimatePlusChronoFieldChronoLoopLevel,chronoFieldChronoLoop,yes,wiki plus unlock order
ultimate_plus,ultimateWeaponPlusLevel,8,ultimatePlusSpotlightLightRangeLevel,spotlightLightRange,yes,wiki plus unlock order
card_stars,cardLevel,0,cardStars.damage,damage,yes,
card_stars,cardLevel,1,cardStars.attackSpeed,attackSpeed,yes,
card_stars,cardLevel,2,cardStars.health,health,yes,
card_stars,cardLevel,3,cardStars.healthRegen,healthRegen,yes,
card_stars,cardLevel,4,cardStars.range,range,yes,
card_stars,cardLevel,5,cardStars.cash,cash,yes,
card_stars,cardLevel,6,cardStars.coins,coins,yes,
card_stars,cardLevel,7,cardStars.slowAura,slowAura,yes,
card_stars,cardLevel,8,cardStars.criticalChance,criticalChance,yes,
card_stars,cardLevel,9,cardStars.enemyBalance,enemyBalance,yes,
card_stars,cardLevel,10,cardStars.extraDefense,extraDefense,yes,
card_stars,cardLevel,11,cardStars.fortress,fortress,yes,
card_stars,cardLevel,12,cardStars.freeUpgrades,freeUpgrades,yes,
card_stars,cardLevel,13,cardStars.extraOrb,extraOrb,yes,
card_stars,cardLevel,14,cardStars.plasmaCannon,plasmaCannon,yes,
card_stars,cardLevel,15,cardStars.criticalCoin,criticalCoin,yes,
card_stars,cardLevel,16,cardStars.waveSkip,waveSkip,yes,
card_stars,cardLevel,17,cardStars.introSprint,introSprint,yes,
card_stars,cardLevel,18,cardStars.landMineStun,landMineStun,yes,
card_stars,cardLevel,19,cardStars.recoveryPackageChance,recoveryPackageChance,yes,
card_stars,cardLevel,20,cardStars.deathRay,deathRay,yes,
card_stars,cardLevel,21,cardStars.energyNet,energyNet,yes,
card_stars,cardLevel,22,cardStars.superTower,superTower,yes,
card_stars,cardLevel,23,cardStars.secondWind,secondWind,yes,
card_stars,cardLevel,24,cardStars.demonMode,demonMode,yes,
card_stars,cardLevel,25,cardStars.energyShield,energyShield,yes,
card_stars,cardLevel,26,cardStars.waveAccelerator,waveAccelerator,yes,
card_stars,cardLevel,27,cardStars.berserker,berserker,yes,
card_stars,cardLevel,28,cardStars.ultimateCrit,ultimateCrit,yes,
card_stars,cardLevel,29,cardStars.nuke,nuke,yes,
card_stars,cardLevel,30,cardStars.areaOfEffect,areaOfEffect,yes,
relic,relicsUnlocked,0,relicOwnedIds (includes no_spoon),No Spoon,yes,value 2 = owned; index is Il2Cpp Relic enum
relic,relicsUnlocked,1,relicOwnedIds (includes red_pill),Red Pill,yes,value 2 = owned; index is Il2Cpp Relic enum
relic,relicsUnlocked,2,relicOwnedIds (includes copper_badge),Copper Badge,yes,value 2 = owned; index is Il2Cpp Relic enum
relic,relicsUnlocked,3,relicOwnedIds (includes silver_badge),Silver Badge,yes,value 2 = owned; index is Il2Cpp Relic enum
relic,relicsUnlocked,4,relicOwnedIds (includes gold_badge),Gold Badge,yes,value 2 = owned; index is Il2Cpp Relic enum
relic,relicsUnlocked,5,relicOwnedIds (includes platinum_badge),Platinum Badge,yes,value 2 = owned; index is Il2Cpp Relic enum
relic,relicsUnlocked,6,relicOwnedIds (includes champion_badge),Champion Badge,yes,value 2 = owned; index is Il2Cpp Relic enum
relic,relicsUnlocked,7,relicOwnedIds (includes tower_master),Tower Master,yes,value 2 = owned; index is Il2Cpp Relic enum
relic,relicsUnlocked,8,relicOwnedIds (includes t_i_flux),T:I Flux,yes,value 2 = owned; index is Il2Cpp Relic enum
relic,relicsUnlocked,9,relicOwnedIds (includes t_ii_lumin),T:II Lumin,yes,value 2 = owned; index is Il2Cpp Relic enum
relic,relicsUnlocked,10,relicOwnedIds (includes t_iii_pulse),T:III Pulse,yes,value 2 = owned; index is Il2Cpp Relic enum
relic,relicsUnlocked,11,relicOwnedIds (includes t_iv_harmonic),T:IV Harmonic,yes,value 2 = owned; index is Il2Cpp Relic enum
relic,relicsUnlocked,12,relicOwnedIds (includes t_v_ether),T:V Ether,yes,value 2 = owned; index is Il2Cpp Relic enum
relic,relicsUnlocked,13,relicOwnedIds (includes t_vi_nova),T:VI Nova,yes,value 2 = owned; index is Il2Cpp Relic enum
relic,relicsUnlocked,14,relicOwnedIds (includes t_vii_aether),T:VII Aether,yes,value 2 = owned; index is Il2Cpp Relic enum
relic,relicsUnlocked,15,relicOwnedIds (includes t_viii_graviton),T:VIII Graviton,yes,value 2 = owned; index is Il2Cpp Relic enum
relic,relicsUnlocked,16,relicOwnedIds (includes t_ix_fusion),T:IX Fusion,yes,value 2 = owned; index is Il2Cpp Relic enum
relic,relicsUnlocked,17,relicOwnedIds (includes t_x_plasma),T:X Plasma,yes,value 2 = owned; index is Il2Cpp Relic enum
relic,relicsUnlocked,18,relicOwnedIds (includes t_xi_resonance),T:XI Resonance,yes,value 2 = owned; index is Il2Cpp Relic enum
relic,relicsUnlocked,19,relicOwnedIds (includes t_xii_chrono),T:XII Chrono,yes,value 2 = owned; index is Il2Cpp Relic enum
relic,relicsUnlocked,20,relicOwnedIds (includes t_xiii_hyper),T:XIII Hyper,yes,value 2 = owned; index is Il2Cpp Relic enum
relic,relicsUnlocked,21,relicOwnedIds (includes t_xiv_arcane),T:XIV Arcane,yes,value 2 = owned; index is Il2Cpp Relic enum
relic,relicsUnlocked,22,relicOwnedIds (includes t_xv_celestial),T:XV Celestial,yes,value 2 = owned; index is Il2Cpp Relic enum
relic,relicsUnlocked,23,relicOwnedIds (includes 1st_tower_birthday),1st Tower Birthday,yes,value 2 = owned; index is Il2Cpp Relic enum
relic,relicsUnlocked,24,relicOwnedIds (includes 2nd_tower_birthday),2nd Tower Birthday,yes,value 2 = owned; index is Il2Cpp Relic enum
relic,relicsUnlocked,25,relicOwnedIds (includes 3rd_tower_birthday),3rd Tower Birthday,yes,value 2 = owned; index is Il2Cpp Relic enum
relic,relicsUnlocked,26,relicOwnedIds (includes dreamcatcher),Dreamcatcher,yes,value 2 = owned; index is Il2Cpp Relic enum
relic,relicsUnlocked,27,relicOwnedIds (includes spirit_wolf),Spirit Wolf,yes,value 2 = owned; index is Il2Cpp Relic enum
relic,relicsUnlocked,28,relicOwnedIds (includes bacteriophage),Bacteriophage,yes,value 2 = owned; index is Il2Cpp Relic enum
relic,relicsUnlocked,29,relicOwnedIds (includes neuron),Neuron,yes,value 2 = owned; index is Il2Cpp Relic enum
relic,relicsUnlocked,30,relicOwnedIds (includes ionized_plasma),Ionized Plasma,yes,value 2 = owned; index is Il2Cpp Relic enum
relic,relicsUnlocked,31,relicOwnedIds (includes plasma_arc),Plasma Arc,yes,value 2 = owned; index is Il2Cpp Relic enum
relic,relicsUnlocked,32,relicOwnedIds (includes honey_drop),Honey Drop,yes,value 2 = owned; index is Il2Cpp Relic enum
relic,relicsUnlocked,33,relicOwnedIds (includes stinger),Stinger,yes,value 2 = owned; index is Il2Cpp Relic enum
relic,relicsUnlocked,34,relicOwnedIds (includes aurora_vortex),Aurora Vortex,yes,value 2 = owned; index is Il2Cpp Relic enum
relic,relicsUnlocked,35,relicOwnedIds (includes contained_ions),Contained Ions,yes,value 2 = owned; index is Il2Cpp Relic enum
relic,relicsUnlocked,36,relicOwnedIds (includes alien_head),Alien Head,yes,value 2 = owned; index is Il2Cpp Relic enum
relic,relicsUnlocked,37,relicOwnedIds (includes alien_warp_drive),Alien Warp Drive,yes,value 2 = owned; index is Il2Cpp Relic enum
relic,relicsUnlocked,38,relicOwnedIds (includes ancient_tome),Ancient Tome,yes,value 2 = owned; index is Il2Cpp Relic enum
relic,relicsUnlocked,39,relicOwnedIds (includes space_sundial),Space Sundial,yes,value 2 = owned; index is Il2Cpp Relic enum
relic,relicsUnlocked,40,relicOwnedIds (includes spooky_bat),Spooky Bat,yes,value 2 = owned; index is Il2Cpp Relic enum
relic,relicsUnlocked,41,relicOwnedIds (includes man_skull),Man Skull,yes,value 2 = owned; index is Il2Cpp Relic enum
relic,relicsUnlocked,42,relicOwnedIds (includes cherry),Cherry,yes,value 2 = owned; index is Il2Cpp Relic enum
relic,relicsUnlocked,43,relicOwnedIds (includes sakura_lantern),Sakura Lantern,yes,value 2 = owned; index is Il2Cpp Relic enum
relic,relicsUnlocked,44,relicOwnedIds (includes tower_latte),Tower Latte,yes,value 2 = owned; index is Il2Cpp Relic enum
relic,relicsUnlocked,45,relicOwnedIds (includes pumpkin),Pumpkin,yes,value 2 = owned; index is Il2Cpp Relic enum
relic,relicsUnlocked,46,relicOwnedIds (includes holy_joystick),Game Joystick,yes,value 2 = owned; index is Il2Cpp Relic enum
relic,relicsUnlocked,47,relicOwnedIds (includes controller),Controller,yes,value 2 = owned; index is Il2Cpp Relic enum
relic,relicsUnlocked,48,relicOwnedIds (includes firework),Firework,yes,value 2 = owned; index is Il2Cpp Relic enum
relic,relicsUnlocked,49,relicOwnedIds (includes champagne),Champagne,yes,value 2 = owned; index is Il2Cpp Relic enum
relic,relicsUnlocked,50,relicOwnedIds (includes palm_tree),Palm Tree,yes,value 2 = owned; index is Il2Cpp Relic enum
relic,relicsUnlocked,51,relicOwnedIds (includes pixel_cube_heart),Pixel Cube Heart,yes,value 2 = owned; index is Il2Cpp Relic enum
relic,relicsUnlocked,52,relicOwnedIds (includes dark_sight),Dark Sight,yes,value 2 = owned; index is Il2Cpp Relic enum
relic,relicsUnlocked,53,relicOwnedIds (includes creepy_smile),Creepy Smile,yes,value 2 = owned; index is Il2Cpp Relic enum
relic,relicsUnlocked,54,relicOwnedIds (includes submarine),Submarine,yes,value 2 = owned; index is Il2Cpp Relic enum
relic,relicsUnlocked,55,relicOwnedIds (includes the_kraken),The Kraken,yes,value 2 = owned; index is Il2Cpp Relic enum
relic,relicsUnlocked,56,relicOwnedIds (includes warp_gate),Warp Gate,yes,value 2 = owned; index is Il2Cpp Relic enum
relic,relicsUnlocked,57,relicOwnedIds (includes star_ship),Star Ship,yes,value 2 = owned; index is Il2Cpp Relic enum
relic,relicsUnlocked,58,relicOwnedIds (includes barnacle),Barnacle,yes,value 2 = owned; index is Il2Cpp Relic enum
relic,relicsUnlocked,59,relicOwnedIds (includes wave),Wave,yes,value 2 = owned; index is Il2Cpp Relic enum
relic,relicsUnlocked,60,relicOwnedIds (includes pizza),Pizza,yes,value 2 = owned; index is Il2Cpp Relic enum
relic,relicsUnlocked,61,relicOwnedIds (includes illuminati),Illuminati,yes,value 2 = owned; index is Il2Cpp Relic enum
relic,relicsUnlocked,62,relicOwnedIds (includes prismatic_shard),Prismatic Shard,yes,value 2 = owned; index is Il2Cpp Relic enum
relic,relicsUnlocked,63,relicOwnedIds (includes refraction_array),Refraction Array,yes,value 2 = owned; index is Il2Cpp Relic enum
relic,relicsUnlocked,64,relicOwnedIds (includes cobweb),Cobweb,yes,value 2 = owned; index is Il2Cpp Relic enum
relic,relicsUnlocked,65,relicOwnedIds (includes the_fly),The Fly,yes,value 2 = owned; index is Il2Cpp Relic enum
relic,relicsUnlocked,66,relicOwnedIds (includes clip_ons),Clip Ons,yes,value 2 = owned; index is Il2Cpp Relic enum
relic,relicsUnlocked,67,relicOwnedIds (includes code_stream),Code Stream,yes,value 2 = owned; index is Il2Cpp Relic enum
relic,relicsUnlocked,68,relicOwnedIds (includes summit_starlight),Summit Starlight,yes,value 2 = owned; index is Il2Cpp Relic enum
relic,relicsUnlocked,69,relicOwnedIds (includes mountain_goat),Mountain Goat,yes,value 2 = owned; index is Il2Cpp Relic enum
relic,relicsUnlocked,70,relicOwnedIds (includes hook),Hook,yes,value 2 = owned; index is Il2Cpp Relic enum
relic,relicsUnlocked,71,relicOwnedIds (includes fish),Fish,yes,value 2 = owned; index is Il2Cpp Relic enum
relic,relicsUnlocked,72,relicOwnedIds (includes gale_winds),Gale Winds,yes,value 2 = owned; index is Il2Cpp Relic enum
relic,relicsUnlocked,73,relicOwnedIds (includes flying_house),Flying House,yes,value 2 = owned; index is Il2Cpp Relic enum
relic,relicsUnlocked,74,relicOwnedIds (includes rain_jacket),Rain Jacket,yes,value 2 = owned; index is Il2Cpp Relic enum
relic,relicsUnlocked,75,relicOwnedIds (includes cloud_lightning),Cloud Lightning,yes,value 2 = owned; index is Il2Cpp Relic enum
relic,relicsUnlocked,76,relicOwnedIds (includes rabies),Rabies,yes,value 2 = owned; index is Il2Cpp Relic enum
relic,relicsUnlocked,77,relicOwnedIds (includes ebola),Ebola,yes,value 2 = owned; index is Il2Cpp Relic enum
relic,relicsUnlocked,78,relicOwnedIds (includes anubis),Anubis,yes,value 2 = owned; index is Il2Cpp Relic enum
relic,relicsUnlocked,79,relicOwnedIds (includes sphinx),Sphinx,yes,value 2 = owned; index is Il2Cpp Relic enum
relic,relicsUnlocked,80,relicOwnedIds (includes 4th_tower_birthday),4th Tower Birthday,yes,value 2 = owned; index is Il2Cpp Relic enum
relic,relicsUnlocked,81,relicOwnedIds (includes 5th_tower_birthday),5th Tower Birthday,yes,value 2 = owned; index is Il2Cpp Relic enum
relic,relicsUnlocked,82,relicOwnedIds (includes 6th_tower_birthday),6th Tower Birthday,yes,value 2 = owned; index is Il2Cpp Relic enum
relic,relicsUnlocked,83,relicOwnedIds (includes remote_control),Remote Control,yes,value 2 = owned; index is Il2Cpp Relic enum
relic,relicsUnlocked,84,relicOwnedIds (includes cathode_ray_tube),Cathode Ray Tube,yes,value 2 = owned; index is Il2Cpp Relic enum
relic,relicsUnlocked,85,relicOwnedIds (includes t_xvi_quantum),T:XVI Quantum,yes,value 2 = owned; index is Il2Cpp Relic enum
relic,relicsUnlocked,86,relicOwnedIds (includes t_xvii_nebula),T:XVII Nebula,yes,value 2 = owned; index is Il2Cpp Relic enum
relic,relicsUnlocked,87,relicOwnedIds (includes t_xviii_singularity),T:XVIII Singularity,yes,value 2 = owned; index is Il2Cpp Relic enum
relic,relicsUnlocked,88,relicOwnedIds (includes comet),Comet,yes,value 2 = owned; index is Il2Cpp Relic enum
relic,relicsUnlocked,89,relicOwnedIds (includes planetary_rings),Planetary Rings,yes,value 2 = owned; index is Il2Cpp Relic enum
relic,relicsUnlocked,90,relicOwnedIds (includes lava_flow),Lava Flow,yes,value 2 = owned; index is Il2Cpp Relic enum
relic,relicsUnlocked,91,relicOwnedIds (includes ash_cloud),Ash Cloud,yes,value 2 = owned; index is Il2Cpp Relic enum
relic,relicsUnlocked,92,,Relic enum 92,no,value 2 = owned; index is Il2Cpp Relic enum
relic,relicsUnlocked,93,,Relic enum 93,no,value 2 = owned; index is Il2Cpp Relic enum
relic,relicsUnlocked,94,relicOwnedIds (includes tea_ceremony),Tea Ceremony,yes,value 2 = owned; index is Il2Cpp Relic enum
relic,relicsUnlocked,95,relicOwnedIds (includes kimono),Kimono,yes,value 2 = owned; index is Il2Cpp Relic enum
relic,relicsUnlocked,96,relicOwnedIds (includes acorn),Acorn,yes,value 2 = owned; index is Il2Cpp Relic enum
relic,relicsUnlocked,97,relicOwnedIds (includes scarf),Scarf,yes,value 2 = owned; index is Il2Cpp Relic enum
relic,relicsUnlocked,98,relicOwnedIds (includes cauldron),Cauldron,yes,value 2 = owned; index is Il2Cpp Relic enum
relic,relicsUnlocked,99,relicOwnedIds (includes witch_hat),Witch Hat,yes,value 2 = owned; index is Il2Cpp Relic enum
relic,relicsUnlocked,100,relicOwnedIds (includes abduction_room),Abduction Room,yes,value 2 = owned; index is Il2Cpp Relic enum
relic,relicsUnlocked,101,relicOwnedIds (includes crop_circle),Crop Circle,yes,value 2 = owned; index is Il2Cpp Relic enum
relic,relicsUnlocked,102,relicOwnedIds (includes legend_badge),Legend Badge,yes,value 2 = owned; index is Il2Cpp Relic enum
relic,relicsUnlocked,103,relicOwnedIds (includes icicle),Icicle,yes,value 2 = owned; index is Il2Cpp Relic enum
relic,relicsUnlocked,104,relicOwnedIds (includes sleigh_bell),Sleigh Bell,yes,value 2 = owned; index is Il2Cpp Relic enum
relic,relicsUnlocked,105,relicOwnedIds (includes koi_fish),Koi Fish,yes,value 2 = owned; index is Il2Cpp Relic enum
relic,relicsUnlocked,106,relicOwnedIds (includes bonsai_tree),Bonsai Tree,yes,value 2 = owned; index is Il2Cpp Relic enum
relic,relicsUnlocked,107,relicOwnedIds (includes power_glove),Power Glove,yes,value 2 = owned; index is Il2Cpp Relic enum
relic,relicsUnlocked,108,relicOwnedIds (includes arcade_token),Arcade Token,yes,value 2 = owned; index is Il2Cpp Relic enum
relic,relicsUnlocked,109,relicOwnedIds (includes lunar_cat_paw),Lunar Cat Paw,yes,value 2 = owned; index is Il2Cpp Relic enum
relic,relicsUnlocked,110,relicOwnedIds (includes pet_cat),Pet Cat,yes,value 2 = owned; index is Il2Cpp Relic enum
relic,relicsUnlocked,111,relicOwnedIds (includes confetti_ball),Confetti Ball,yes,value 2 = owned; index is Il2Cpp Relic enum
relic,relicsUnlocked,112,relicOwnedIds (includes party_mask),Party Mask,yes,value 2 = owned; index is Il2Cpp Relic enum
relic,relicsUnlocked,113,relicOwnedIds (includes falling_apple),Falling Apple,yes,value 2 = owned; index is Il2Cpp Relic enum
relic,relicsUnlocked,114,relicOwnedIds (includes 3_body_solution),3 Body Solution,yes,value 2 = owned; index is Il2Cpp Relic enum
relic,relicsUnlocked,115,relicOwnedIds (includes coral_crown),Coral Crown,yes,value 2 = owned; index is Il2Cpp Relic enum
relic,relicsUnlocked,116,relicOwnedIds (includes angler_fish),Angler Fish,yes,value 2 = owned; index is Il2Cpp Relic enum
relic,relicsUnlocked,117,relicOwnedIds (includes haunted_mirror),Haunted Mirror,yes,value 2 = owned; index is Il2Cpp Relic enum
relic,relicsUnlocked,118,relicOwnedIds (includes shadow_puppet),Shadow Puppet,yes,value 2 = owned; index is Il2Cpp Relic enum
relic,relicsUnlocked,119,relicOwnedIds (includes temporal_rift),Temporal Rift,yes,value 2 = owned; index is Il2Cpp Relic enum
relic,relicsUnlocked,120,relicOwnedIds (includes dream_clock),Dream Clock,yes,value 2 = owned; index is Il2Cpp Relic enum
relic,relicsUnlocked,121,relicOwnedIds (includes pulsar_core),Pulsar Core,yes,value 2 = owned; index is Il2Cpp Relic enum
relic,relicsUnlocked,122,relicOwnedIds (includes light_speedometer),Light Speedometer,yes,value 2 = owned; index is Il2Cpp Relic enum
relic,relicsUnlocked,123,relicOwnedIds (includes ufo_beam),UFO Beam,yes,value 2 = owned; index is Il2Cpp Relic enum
relic,relicsUnlocked,124,relicOwnedIds (includes alien_egg),Alien Egg,yes,value 2 = owned; index is Il2Cpp Relic enum
relic,relicsUnlocked,125,relicOwnedIds (includes hourglass),Hourglass,yes,value 2 = owned; index is Il2Cpp Relic enum
relic,relicsUnlocked,126,relicOwnedIds (includes time_compass),Time Compass,yes,value 2 = owned; index is Il2Cpp Relic enum
relic,relicsUnlocked,127,relicOwnedIds (includes whispering_web),Whispering Web,yes,value 2 = owned; index is Il2Cpp Relic enum
relic,relicsUnlocked,128,relicOwnedIds (includes cursed_candle),Cursed Candle,yes,value 2 = owned; index is Il2Cpp Relic enum
relic,relicsUnlocked,129,relicOwnedIds (includes quantum_drive),Quantum Drive,yes,value 2 = owned; index is Il2Cpp Relic enum
relic,relicsUnlocked,130,relicOwnedIds (includes photon_blade),Photon Blade,yes,value 2 = owned; index is Il2Cpp Relic enum
relic,relicsUnlocked,131,relicOwnedIds (includes abduction_signal),Abduction Signal,yes,value 2 = owned; index is Il2Cpp Relic enum
relic,relicsUnlocked,132,relicOwnedIds (includes monolith),Monolith,yes,value 2 = owned; index is Il2Cpp Relic enum
relic,relicsUnlocked,133,relicOwnedIds (includes throne),Throne,yes,value 2 = owned; index is Il2Cpp Relic enum
relic,relicsUnlocked,134,relicOwnedIds (includes crown),Crown,yes,value 2 = owned; index is Il2Cpp Relic enum
relic,relicsUnlocked,135,relicOwnedIds (includes bloom_burst),Bloom Burst,yes,value 2 = owned; index is Il2Cpp Relic enum
relic,relicsUnlocked,136,relicOwnedIds (includes candy_core),Candy Core,yes,value 2 = owned; index is Il2Cpp Relic enum
relic,relicsUnlocked,137,relicOwnedIds (includes mystic_bunny_1),Mystic Bunny[1],yes,value 2 = owned; index is Il2Cpp Relic enum
relic,relicsUnlocked,138,relicOwnedIds (includes magic_egg),Magic Egg,yes,value 2 = owned; index is Il2Cpp Relic enum
relic,relicsUnlocked,139,relicOwnedIds (includes infinite_ruler),Infinite Ruler,yes,value 2 = owned; index is Il2Cpp Relic enum
relic,relicsUnlocked,140,relicOwnedIds (includes do_while_true),Do While True,yes,value 2 = owned; index is Il2Cpp Relic enum
relic,relicsUnlocked,141,relicOwnedIds (includes pi_seal),Pi Seal,yes,value 2 = owned; index is Il2Cpp Relic enum
relic,relicsUnlocked,142,relicOwnedIds (includes psychohistorian_brain),Psychohistorian Brain,yes,value 2 = owned; index is Il2Cpp Relic enum
relic,relicsUnlocked,143,relicOwnedIds (includes fancy_wires),Fancy Wires,yes,value 2 = owned; index is Il2Cpp Relic enum
relic,relicsUnlocked,144,relicOwnedIds (includes mech_head),Mech Head,yes,value 2 = owned; index is Il2Cpp Relic enum
relic,relicsUnlocked,145,relicOwnedIds (includes safe_path),Safe Path,yes,value 2 = owned; index is Il2Cpp Relic enum
relic,relicsUnlocked,146,relicOwnedIds (includes shining_light),Shining Light,yes,value 2 = owned; index is Il2Cpp Relic enum
relic,relicsUnlocked,147,relicOwnedIds (includes eternal_quest),Eternal Quest,yes,value 2 = owned; index is Il2Cpp Relic enum
relic,relicsUnlocked,148,relicOwnedIds (includes nature_s_wrath),Nature's Wrath,yes,value 2 = owned; index is Il2Cpp Relic enum
relic,relicsUnlocked,149,relicOwnedIds (includes rlyeh),Rlyeh,yes,value 2 = owned; index is Il2Cpp Relic enum
relic,relicsUnlocked,150,relicOwnedIds (includes madness_induced),Madness Induced,yes,value 2 = owned; index is Il2Cpp Relic enum
relic,relicsUnlocked,151,relicOwnedIds (includes cosmic_freedom),Cosmic Freedom,yes,value 2 = owned; index is Il2Cpp Relic enum
relic,relicsUnlocked,152,relicOwnedIds (includes gnosis),Gnosis,yes,value 2 = owned; index is Il2Cpp Relic enum
relic,relicsUnlocked,153,relicOwnedIds (includes honey_jar),Honey Jar,yes,value 2 = owned; index is Il2Cpp Relic enum
relic,relicsUnlocked,154,relicOwnedIds (includes heavenly_sweet),Heavenly Sweet,yes,value 2 = owned; index is Il2Cpp Relic enum
relic,relicsUnlocked,155,relicOwnedIds (includes honey_society),Honey Society,yes,value 2 = owned; index is Il2Cpp Relic enum
relic,relicsUnlocked,156,relicOwnedIds (includes the_queen),The Queen,yes,value 2 = owned; index is Il2Cpp Relic enum
relic,relicsUnlocked,157,relicOwnedIds (includes duck),Duck,yes,value 2 = owned; index is Il2Cpp Relic enum
relic,relicsUnlocked,158,relicOwnedIds (includes grass),Grass,yes,value 2 = owned; index is Il2Cpp Relic enum
relic,relicsUnlocked,159,relicOwnedIds (includes wind),Wind,yes,value 2 = owned; index is Il2Cpp Relic enum
relic,relicsUnlocked,160,relicOwnedIds (includes lilies),Lilies,yes,value 2 = owned; index is Il2Cpp Relic enum
relic,relicsUnlocked,161,relicOwnedIds (includes plasma_globe),Plasma Globe,yes,value 2 = owned; index is Il2Cpp Relic enum
relic,relicsUnlocked,162,relicOwnedIds (includes plasma_vortex),Plasma Vortex,yes,value 2 = owned; index is Il2Cpp Relic enum
relic,relicsUnlocked,163,relicOwnedIds (includes plasma_cell),Plasma Cell,yes,value 2 = owned; index is Il2Cpp Relic enum
relic,relicsUnlocked,164,relicOwnedIds (includes plasma_chamber),Plasma Chamber,yes,value 2 = owned; index is Il2Cpp Relic enum
relic,relicsUnlocked,165,relicOwnedIds (includes floppy_disk),Floppy Disk,yes,value 2 = owned; index is Il2Cpp Relic enum
relic,relicsUnlocked,166,relicOwnedIds (includes magic_cube),Magic Cube,yes,value 2 = owned; index is Il2Cpp Relic enum
relic,relicsUnlocked,167,relicOwnedIds (includes retro_camera),Retro Camera,yes,value 2 = owned; index is Il2Cpp Relic enum
relic,relicsUnlocked,168,relicOwnedIds (includes night_city),Night City,yes,value 2 = owned; index is Il2Cpp Relic enum
relic,relicsUnlocked,169,relicOwnedIds (includes fisherman_set),Fisherman Set,yes,value 2 = owned; index is Il2Cpp Relic enum
relic,relicsUnlocked,170,relicOwnedIds (includes sunset_boat),Sunset Boat,yes,value 2 = owned; index is Il2Cpp Relic enum
relic,relicsUnlocked,171,relicOwnedIds (includes good_catch),Good Catch,yes,value 2 = owned; index is Il2Cpp Relic enum
relic,relicsUnlocked,172,relicOwnedIds (includes river_of_plenty),River Of Plenty,yes,value 2 = owned; index is Il2Cpp Relic enum
relic,relicsUnlocked,173,relicOwnedIds (includes model_training),Model Training,yes,value 2 = owned; index is Il2Cpp Relic enum
relic,relicsUnlocked,174,relicOwnedIds (includes gnosis),Gnosis,yes,value 2 = owned; index is Il2Cpp Relic enum
relic,relicsUnlocked,175,relicOwnedIds (includes tower_agent),Tower Agent,yes,value 2 = owned; index is Il2Cpp Relic enum
relic,relicsUnlocked,176,relicOwnedIds (includes fake_reality),Fake Reality,yes,value 2 = owned; index is Il2Cpp Relic enum
relic,relicsUnlocked,177,relicOwnedIds (includes breaking_news),Breaking News,yes,value 2 = owned; index is Il2Cpp Relic enum
relic,relicsUnlocked,178,relicOwnedIds (includes globalization),Globalization,yes,value 2 = owned; index is Il2Cpp Relic enum
relic,relicsUnlocked,179,relicOwnedIds (includes no_signal),No Signal,yes,value 2 = owned; index is Il2Cpp Relic enum
relic,relicsUnlocked,180,relicOwnedIds (includes antenna),Antenna,yes,value 2 = owned; index is Il2Cpp Relic enum
relic,relicsUnlocked,181,relicOwnedIds (includes brunch),Brunch,yes,value 2 = owned; index is Il2Cpp Relic enum
relic,relicsUnlocked,182,relicOwnedIds (includes dry_leaves),Dry Leaves,yes,value 2 = owned; index is Il2Cpp Relic enum
relic,relicsUnlocked,183,relicOwnedIds (includes glowing_mushrooms),Glowing Mushrooms,yes,value 2 = owned; index is Il2Cpp Relic enum
relic,relicsUnlocked,184,relicOwnedIds (includes warm_clothes),Warm Clothes,yes,value 2 = owned; index is Il2Cpp Relic enum
relic,relicsUnlocked,185,relicOwnedIds (includes let_s_mix),Let's Mix,yes,value 2 = owned; index is Il2Cpp Relic enum
relic,relicsUnlocked,186,relicOwnedIds (includes night_life),Night Life,yes,value 2 = owned; index is Il2Cpp Relic enum
relic,relicsUnlocked,187,relicOwnedIds (includes t_xix_atomic),T:XIX Atomic,yes,value 2 = owned; index is Il2Cpp Relic enum
relic,relicsUnlocked,188,relicOwnedIds (includes t_xx_cyber),T:XX Cyber,yes,value 2 = owned; index is Il2Cpp Relic enum
relic,relicsUnlocked,189,relicOwnedIds (includes t_xxi_eclipse),T:XXI Eclipse,yes,value 2 = owned; index is Il2Cpp Relic enum
relic,relicsUnlocked,190,relicOwnedIds (includes world_domination),World Domination,yes,value 2 = owned; index is Il2Cpp Relic enum
relic,relicsUnlocked,191,relicOwnedIds (includes brave_heroes),Brave Heroes,yes,value 2 = owned; index is Il2Cpp Relic enum
relic,relicsUnlocked,192,relicOwnedIds (includes vr),VR,yes,value 2 = owned; index is Il2Cpp Relic enum
relic,relicsUnlocked,193,relicOwnedIds (includes holographic_ads),Holographic Ads,yes,value 2 = owned; index is Il2Cpp Relic enum
relic,relicsUnlocked,194,relicOwnedIds (includes tech_weapon),Tech Weapon,yes,value 2 = owned; index is Il2Cpp Relic enum
relic,relicsUnlocked,195,relicOwnedIds (includes cybernetics),Cybernetics,yes,value 2 = owned; index is Il2Cpp Relic enum
relic,relicsUnlocked,196,relicOwnedIds (includes explorer_s_helmet),Explorer's Helmet,yes,value 2 = owned; index is Il2Cpp Relic enum
relic,relicsUnlocked,197,relicOwnedIds (includes miner_s_tool),Miner's Tool,yes,value 2 = owned; index is Il2Cpp Relic enum
relic,relicsUnlocked,198,relicOwnedIds (includes crystals_bag),Crystals Bag,yes,value 2 = owned; index is Il2Cpp Relic enum
relic,relicsUnlocked,199,relicOwnedIds (includes full_minecart),Full Minecart,yes,value 2 = owned; index is Il2Cpp Relic enum
relic,relicsUnlocked,200,relicOwnedIds (includes hapiness_balloons),Happiness Balloons,yes,value 2 = owned; index is Il2Cpp Relic enum
relic,relicsUnlocked,201,relicOwnedIds (includes delicious_food),Delicious Food,yes,value 2 = owned; index is Il2Cpp Relic enum
relic,relicsUnlocked,202,relicOwnedIds (includes amazing_prizes),Amazing Prizes,yes,value 2 = owned; index is Il2Cpp Relic enum
relic,relicsUnlocked,203,relicOwnedIds (includes carousel_of_joy),Carousel Of Joy,yes,value 2 = owned; index is Il2Cpp Relic enum
relic,relicsUnlocked,204,relicOwnedIds (includes bouquet),Bouquet,yes,value 2 = owned; index is Il2Cpp Relic enum
relic,relicsUnlocked,205,relicOwnedIds (includes lovely_gift),Lovely Gift,yes,value 2 = owned; index is Il2Cpp Relic enum
relic,relicsUnlocked,206,relicOwnedIds (includes love_letter),Love Letter,yes,value 2 = owned; index is Il2Cpp Relic enum
relic,relicsUnlocked,207,relicOwnedIds (includes pierced_heart),Pierced Heart,yes,value 2 = owned; index is Il2Cpp Relic enum
relic,relicsUnlocked,208,relicOwnedIds (includes good_hunting),Good Hunting,yes,value 2 = owned; index is Il2Cpp Relic enum
relic,relicsUnlocked,209,relicOwnedIds (includes spider_vision),Spider Vision,yes,value 2 = owned; index is Il2Cpp Relic enum
relic,relicsUnlocked,210,relicOwnedIds (includes spider_poison),Spider Poison,yes,value 2 = owned; index is Il2Cpp Relic enum
relic,relicsUnlocked,211,relicOwnedIds (includes spider_forest),Spider Forest,yes,value 2 = owned; index is Il2Cpp Relic enum
relic,relicsUnlocked,212,relicOwnedIds (includes pinball),Pinball,yes,value 2 = owned; index is Il2Cpp Relic enum
relic,relicsUnlocked,213,relicOwnedIds (includes to_infinity),To Infinity,yes,value 2 = owned; index is Il2Cpp Relic enum
relic,relicsUnlocked,214,relicOwnedIds (includes let_s_play),Let's Play,yes,value 2 = owned; index is Il2Cpp Relic enum
relic,relicsUnlocked,215,relicOwnedIds (includes enemies),Enemies,yes,value 2 = owned; index is Il2Cpp Relic enum
relic,relicsUnlocked,216,relicOwnedIds (includes snow_globe),Snow Globe,yes,value 2 = owned; index is Il2Cpp Relic enum
relic,relicsUnlocked,217,relicOwnedIds (includes winter_gloves),Winter Gloves,yes,value 2 = owned; index is Il2Cpp Relic enum
relic,relicsUnlocked,218,relicOwnedIds (includes snowflake),Snowflake,yes,value 2 = owned; index is Il2Cpp Relic enum
relic,relicsUnlocked,219,relicOwnedIds (includes wreath),Wreath,yes,value 2 = owned; index is Il2Cpp Relic enum
relic,relicsUnlocked,220,relicOwnedIds (includes party_popper),Party Popper,yes,value 2 = owned; index is Il2Cpp Relic enum
relic,relicsUnlocked,221,relicOwnedIds (includes champagne),Champagne,yes,value 2 = owned; index is Il2Cpp Relic enum
relic,relicsUnlocked,222,relicOwnedIds (includes firework_rocket),Firework Rocket,yes,value 2 = owned; index is Il2Cpp Relic enum
relic,relicsUnlocked,223,relicOwnedIds (includes gift_box),Gift Box,yes,value 2 = owned; index is Il2Cpp Relic enum
relic,relicsUnlocked,224,relicOwnedIds (includes sky_s_curtain),Sky's Curtain,yes,value 2 = owned; index is Il2Cpp Relic enum
relic,relicsUnlocked,225,relicOwnedIds (includes solar_flare),Solar Flare,yes,value 2 = owned; index is Il2Cpp Relic enum
relic,relicsUnlocked,226,relicOwnedIds (includes northern_mountains),Northern Mountains,yes,value 2 = owned; index is Il2Cpp Relic enum
relic,relicsUnlocked,227,relicOwnedIds (includes cosmic_impact),Cosmic Impact,yes,value 2 = owned; index is Il2Cpp Relic enum
relic,relicsUnlocked,228,relicOwnedIds (includes sudden_attack),Sudden Attack,yes,value 2 = owned; index is Il2Cpp Relic enum
relic,relicsUnlocked,229,relicOwnedIds (includes alien_experiment),Alien Experiment,yes,value 2 = owned; index is Il2Cpp Relic enum
relic,relicsUnlocked,230,relicOwnedIds (includes crop_circles),Crop Circles,yes,value 2 = owned; index is Il2Cpp Relic enum
relic,relicsUnlocked,231,relicOwnedIds (includes alien_implants),Alien Implants,yes,value 2 = owned; index is Il2Cpp Relic enum
relic,relicsUnlocked,232,relicOwnedIds (includes blood_monster),Blood Monster,yes,value 2 = owned; index is Il2Cpp Relic enum
relic,relicsUnlocked,233,relicOwnedIds (includes glimpse_of_despair),Glimpse Of Despair,yes,value 2 = owned; index is Il2Cpp Relic enum
relic,relicsUnlocked,234,relicOwnedIds (includes star_path),Star Path,yes,value 2 = owned; index is Il2Cpp Relic enum
relic,relicsUnlocked,235,relicOwnedIds (includes star_planet),Star Planet,yes,value 2 = owned; index is Il2Cpp Relic enum
relic,relicsUnlocked,236,relicOwnedIds (includes ancient_times),Ancient Times,yes,value 2 = owned; index is Il2Cpp Relic enum
relic,relicsUnlocked,237,relicOwnedIds (includes space_distortion),Space Distortion,yes,value 2 = owned; index is Il2Cpp Relic enum
relic,relicsUnlocked,238,relicOwnedIds (includes clock_tower),Clock Tower,yes,value 2 = owned; index is Il2Cpp Relic enum
relic,relicsUnlocked,239,relicOwnedIds (includes time_travel),Time Travel,yes,value 2 = owned; index is Il2Cpp Relic enum
relic,relicsUnlocked,240,relicOwnedIds (includes lighthouse),Lighthouse,yes,value 2 = owned; index is Il2Cpp Relic enum
relic,relicsUnlocked,241,relicOwnedIds (includes night_shark),Night Shark,yes,value 2 = owned; index is Il2Cpp Relic enum
relic,relicsUnlocked,242,relicOwnedIds (includes sailing_at_night),Sailing At Night,yes,value 2 = owned; index is Il2Cpp Relic enum
relic,relicsUnlocked,243,relicOwnedIds (includes moonlight),Moonlight,yes,value 2 = owned; index is Il2Cpp Relic enum
relic,relicsUnlocked,244,relicOwnedIds (includes festival_lanterns),Festival Lanterns,yes,value 2 = owned; index is Il2Cpp Relic enum
relic,relicsUnlocked,245,relicOwnedIds (includes ramen),Ramen,yes,value 2 = owned; index is Il2Cpp Relic enum
relic,relicsUnlocked,246,relicOwnedIds (includes forest_temple),Forest Temple,yes,value 2 = owned; index is Il2Cpp Relic enum
relic,relicsUnlocked,247,relicOwnedIds (includes tori),Tori,yes,value 2 = owned; index is Il2Cpp Relic enum
relic,relicsUnlocked,248,relicOwnedIds (includes broken_security),Broken Security,yes,value 2 = owned; index is Il2Cpp Relic enum
relic,relicsUnlocked,249,relicOwnedIds (includes research_object),Research Object,yes,value 2 = owned; index is Il2Cpp Relic enum
relic,relicsUnlocked,250,relicOwnedIds (includes digital_disaster),Digital Disaster,yes,value 2 = owned; index is Il2Cpp Relic enum
relic,relicsUnlocked,251,relicOwnedIds (includes instability),Instability,yes,value 2 = owned; index is Il2Cpp Relic enum
relic,relicsUnlocked,252,relicOwnedIds (includes elemental_explosion),Elemental Explosion,yes,value 2 = owned; index is Il2Cpp Relic enum
relic,relicsUnlocked,253,relicOwnedIds (includes quasar),Quasar,yes,value 2 = owned; index is Il2Cpp Relic enum
relic,relicsUnlocked,254,relicOwnedIds (includes perfect_catch),Perfect Catch,yes,value 2 = owned; index is Il2Cpp Relic enum
relic,relicsUnlocked,255,relicOwnedIds (includes collector_s_spirit),Collector's Spirit,yes,value 2 = owned; index is Il2Cpp Relic enum
relic,relicsUnlocked,256,relicOwnedIds (includes nature_s_fury),Nature's Fury,yes,value 2 = owned; index is Il2Cpp Relic enum
relic,relicsUnlocked,257,relicOwnedIds (includes natural_fire),Natural Fire,yes,value 2 = owned; index is Il2Cpp Relic enum
relic,relicsUnlocked,258,relicOwnedIds (includes big_tornado),Big Tornado,yes,value 2 = owned; index is Il2Cpp Relic enum
relic,relicsUnlocked,259,relicOwnedIds (includes storm_planet),Storm Planet,yes,value 2 = owned; index is Il2Cpp Relic enum
relic,relicsUnlocked,260,relicOwnedIds (includes synapse),Synapse,yes,value 2 = owned; index is Il2Cpp Relic enum
relic,relicsUnlocked,261,relicOwnedIds (includes brain_net),Brain Net,yes,value 2 = owned; index is Il2Cpp Relic enum
relic,relicsUnlocked,262,relicOwnedIds (includes neural_network),Neural Network,yes,value 2 = owned; index is Il2Cpp Relic enum
relic,relicsUnlocked,263,relicOwnedIds (includes body_control),Body Control,yes,value 2 = owned; index is Il2Cpp Relic enum
relic,relicsUnlocked,264,relicOwnedIds (includes viral_infection),Viral Infection,yes,value 2 = owned; index is Il2Cpp Relic enum
relic,relicsUnlocked,265,relicOwnedIds (includes personal_care),Personal Care,yes,value 2 = owned; index is Il2Cpp Relic enum
relic,relicsUnlocked,266,relicOwnedIds (includes immunization),Immunization,yes,value 2 = owned; index is Il2Cpp Relic enum
relic,relicsUnlocked,267,relicOwnedIds (includes global_threat),Global Threat,yes,value 2 = owned; index is Il2Cpp Relic enum
relic,relicsUnlocked,268,,Relic enum 268,no,value 2 = owned; index is Il2Cpp Relic enum
relic,relicsUnlocked,269,,Relic enum 269,no,value 2 = owned; index is Il2Cpp Relic enum
relic,relicsUnlocked,270,,Relic enum 270,no,value 2 = owned; index is Il2Cpp Relic enum
relic,relicsUnlocked,271,,Relic enum 271,no,value 2 = owned; index is Il2Cpp Relic enum
relic,relicsUnlocked,272,relicOwnedIds (includes magic_cards),Magic Cards,yes,value 2 = owned; index is Il2Cpp Relic enum
relic,relicsUnlocked,273,relicOwnedIds (includes dangerous_tricks),Dangerous Tricks,yes,value 2 = owned; index is Il2Cpp Relic enum
theme_owned,towerUnlocked,0,themes.ownedIds (tower-shuriken),tower-shuriken,yes,selected: selectedTower/Background/Menu/ProfileBanner
theme_owned,towerUnlocked,1,themes.ownedIds (tower-donut),tower-donut,yes,selected: selectedTower/Background/Menu/ProfileBanner
theme_owned,towerUnlocked,2,themes.ownedIds (tower-yin-yang),tower-yin-yang,yes,selected: selectedTower/Background/Menu/ProfileBanner
theme_owned,towerUnlocked,3,themes.ownedIds (tower-smile),tower-smile,yes,selected: selectedTower/Background/Menu/ProfileBanner
theme_owned,towerUnlocked,4,themes.ownedIds (tower-butterfly),tower-butterfly,yes,selected: selectedTower/Background/Menu/ProfileBanner
theme_owned,towerUnlocked,5,themes.ownedIds (tower-sheep),tower-sheep,yes,selected: selectedTower/Background/Menu/ProfileBanner
theme_owned,towerUnlocked,6,themes.ownedIds (tower-fried-egg),tower-fried-egg,yes,selected: selectedTower/Background/Menu/ProfileBanner
theme_owned,towerUnlocked,7,themes.ownedIds (tower-mush-mush),tower-mush-mush,yes,selected: selectedTower/Background/Menu/ProfileBanner
theme_owned,towerUnlocked,8,themes.ownedIds (tower-turtle),tower-turtle,yes,selected: selectedTower/Background/Menu/ProfileBanner
theme_owned,towerUnlocked,9,themes.ownedIds (tower-cheese),tower-cheese,yes,selected: selectedTower/Background/Menu/ProfileBanner
theme_owned,towerUnlocked,10,themes.ownedIds (tower-cat),tower-cat,yes,selected: selectedTower/Background/Menu/ProfileBanner
theme_owned,towerUnlocked,11,themes.ownedIds (tower-skull),tower-skull,yes,selected: selectedTower/Background/Menu/ProfileBanner
theme_owned,towerUnlocked,12,themes.ownedIds (tower-creepy-clown),tower-creepy-clown,yes,selected: selectedTower/Background/Menu/ProfileBanner
theme_owned,towerUnlocked,13,themes.ownedIds (tower-panda),tower-panda,yes,selected: selectedTower/Background/Menu/ProfileBanner
theme_owned,towerUnlocked,14,themes.ownedIds (tower-tech-tree),tower-tech-tree,yes,selected: selectedTower/Background/Menu/ProfileBanner
theme_owned,towerUnlocked,15,themes.ownedIds (tower-cactus),tower-cactus,yes,selected: selectedTower/Background/Menu/ProfileBanner
theme_owned,towerUnlocked,16,themes.ownedIds (tower-dragon),tower-dragon,yes,selected: selectedTower/Background/Menu/ProfileBanner
theme_owned,towerUnlocked,17,themes.ownedIds (tower-rhino),tower-rhino,yes,selected: selectedTower/Background/Menu/ProfileBanner
theme_owned,towerUnlocked,18,themes.ownedIds (tower-atomic),tower-atomic,yes,selected: selectedTower/Background/Menu/ProfileBanner
theme_owned,towerUnlocked,19,themes.ownedIds (tower-cyber),tower-cyber,yes,selected: selectedTower/Background/Menu/ProfileBanner
theme_owned,towerUnlocked,20,themes.ownedIds (tower-eclipse),tower-eclipse,yes,selected: selectedTower/Background/Menu/ProfileBanner
theme_owned,towerUnlocked,21,themes.ownedIds (tower-event-plasma-ball),tower-event-plasma-ball,yes,selected: selectedTower/Background/Menu/ProfileBanner
theme_owned,towerUnlocked,22,themes.ownedIds (tower-event-north-spirit),tower-event-north-spirit,yes,selected: selectedTower/Background/Menu/ProfileBanner
theme_owned,towerUnlocked,23,themes.ownedIds (tower-event-alien),tower-event-alien,yes,selected: selectedTower/Background/Menu/ProfileBanner
theme_owned,towerUnlocked,24,themes.ownedIds (tower-event-water-droplet),tower-event-water-droplet,yes,selected: selectedTower/Background/Menu/ProfileBanner
theme_owned,towerUnlocked,25,themes.ownedIds (tower-event-cherry-blossom),tower-event-cherry-blossom,yes,selected: selectedTower/Background/Menu/ProfileBanner
theme_owned,towerUnlocked,26,themes.ownedIds (tower-event-neo-turbo),tower-event-neo-turbo,yes,selected: selectedTower/Background/Menu/ProfileBanner
theme_owned,towerUnlocked,27,themes.ownedIds (tower-event-spider),tower-event-spider,yes,selected: selectedTower/Background/Menu/ProfileBanner
theme_owned,towerUnlocked,28,themes.ownedIds (tower-event-sentinel),tower-event-sentinel,yes,selected: selectedTower/Background/Menu/ProfileBanner
theme_owned,towerUnlocked,29,themes.ownedIds (tower-event-autumn-leaf),tower-event-autumn-leaf,yes,selected: selectedTower/Background/Menu/ProfileBanner
theme_owned,towerUnlocked,30,themes.ownedIds (tower-event-invader),tower-event-invader,yes,selected: selectedTower/Background/Menu/ProfileBanner
theme_owned,towerUnlocked,31,themes.ownedIds (tower-event-toast-glass),tower-event-toast-glass,yes,selected: selectedTower/Background/Menu/ProfileBanner
theme_owned,towerUnlocked,32,themes.ownedIds (tower-event-fisherman),tower-event-fisherman,yes,selected: selectedTower/Background/Menu/ProfileBanner
theme_owned,towerUnlocked,33,themes.ownedIds (tower-event-storm-eye),tower-event-storm-eye,yes,selected: selectedTower/Background/Menu/ProfileBanner
theme_owned,towerUnlocked,34,themes.ownedIds (tower-event-noise-tower),tower-event-noise-tower,yes,selected: selectedTower/Background/Menu/ProfileBanner
theme_owned,towerUnlocked,35,themes.ownedIds (tower-event-snowman),tower-event-snowman,yes,selected: selectedTower/Background/Menu/ProfileBanner
theme_owned,towerUnlocked,36,themes.ownedIds (tower-event-pocket-watch),tower-event-pocket-watch,yes,selected: selectedTower/Background/Menu/ProfileBanner
theme_owned,towerUnlocked,37,themes.ownedIds (tower-event-frog),tower-event-frog,yes,selected: selectedTower/Background/Menu/ProfileBanner
theme_owned,towerUnlocked,38,themes.ownedIds (tower-event-marshmallow),tower-event-marshmallow,yes,selected: selectedTower/Background/Menu/ProfileBanner
theme_owned,towerUnlocked,39,themes.ownedIds (tower-event-cthulhu),tower-event-cthulhu,yes,selected: selectedTower/Background/Menu/ProfileBanner
theme_owned,towerUnlocked,40,themes.ownedIds (tower-event-flying-car),tower-event-flying-car,yes,selected: selectedTower/Background/Menu/ProfileBanner
theme_owned,towerUnlocked,41,themes.ownedIds (tower-event-crystal),tower-event-crystal,yes,selected: selectedTower/Background/Menu/ProfileBanner
theme_owned,towerUnlocked,42,themes.ownedIds (tower-event-balloon),tower-event-balloon,yes,selected: selectedTower/Background/Menu/ProfileBanner
theme_owned,towerUnlocked,43,themes.ownedIds (tower-event-heart),tower-event-heart,yes,selected: selectedTower/Background/Menu/ProfileBanner
theme_owned,towerUnlocked,44,themes.ownedIds (tower-event-glitch),tower-event-glitch,yes,selected: selectedTower/Background/Menu/ProfileBanner
theme_owned,towerUnlocked,45,themes.ownedIds (tower-event-brain),tower-event-brain,yes,selected: selectedTower/Background/Menu/ProfileBanner
theme_owned,towerUnlocked,46,themes.ownedIds (tower-event-star),tower-event-star,yes,selected: selectedTower/Background/Menu/ProfileBanner
theme_owned,towerUnlocked,47,themes.ownedIds (tower-event-eye-of-the-lord),tower-event-eye-of-the-lord,yes,selected: selectedTower/Background/Menu/ProfileBanner
theme_owned,towerUnlocked,48,themes.ownedIds (tower-event-bee),tower-event-bee,yes,selected: selectedTower/Background/Menu/ProfileBanner
theme_owned,towerUnlocked,49,themes.ownedIds (tower-event-bunny),tower-event-bunny,yes,selected: selectedTower/Background/Menu/ProfileBanner
theme_owned,towerUnlocked,50,themes.ownedIds (tower-event-prisma),tower-event-prisma,yes,selected: selectedTower/Background/Menu/ProfileBanner
theme_owned,towerUnlocked,51,themes.ownedIds (tower-event-virus),tower-event-virus,yes,selected: selectedTower/Background/Menu/ProfileBanner
theme_owned,towerUnlocked,52,themes.ownedIds (tower-event-howling-wolf),tower-event-howling-wolf,yes,selected: selectedTower/Background/Menu/ProfileBanner
theme_owned,towerUnlocked,53,themes.ownedIds (tower-event-hourglass),tower-event-hourglass,yes,selected: selectedTower/Background/Menu/ProfileBanner
theme_owned,towerUnlocked,54,themes.ownedIds (tower-event-pumpkin),tower-event-pumpkin,yes,selected: selectedTower/Background/Menu/ProfileBanner
theme_owned,towerUnlocked,55,themes.ownedIds (tower-event-dark-tower),tower-event-dark-tower,yes,selected: selectedTower/Background/Menu/ProfileBanner
theme_owned,towerUnlocked,56,themes.ownedIds (tower-event-dive-helmet),tower-event-dive-helmet,yes,selected: selectedTower/Background/Menu/ProfileBanner
theme_owned,towerUnlocked,57,themes.ownedIds (tower-event-starship),tower-event-starship,yes,selected: selectedTower/Background/Menu/ProfileBanner
theme_owned,towerUnlocked,58,themes.ownedIds (tower-event-elite-tower),tower-event-elite-tower,yes,selected: selectedTower/Background/Menu/ProfileBanner
theme_owned,towerUnlocked,59,themes.ownedIds (tower-event-umbrella),tower-event-umbrella,yes,selected: selectedTower/Background/Menu/ProfileBanner
theme_owned,towerUnlocked,60,themes.ownedIds (tower-event-unlucky-cow),tower-event-unlucky-cow,yes,selected: selectedTower/Background/Menu/ProfileBanner
theme_owned,towerUnlocked,61,themes.ownedIds (tower-event-black-cat),tower-event-black-cat,yes,selected: selectedTower/Background/Menu/ProfileBanner
theme_owned,towerUnlocked,62,themes.ownedIds (tower-event-black-hole),tower-event-black-hole,yes,selected: selectedTower/Background/Menu/ProfileBanner
theme_owned,towerUnlocked,63,themes.ownedIds (tower-event-neon-pi),tower-event-neon-pi,yes,selected: selectedTower/Background/Menu/ProfileBanner
theme_owned,towerUnlocked,64,themes.ownedIds (tower-guild-crown),tower-guild-crown,yes,selected: selectedTower/Background/Menu/ProfileBanner
theme_owned,towerUnlocked,65,themes.ownedIds (tower-guild-mech-warrior),tower-guild-mech-warrior,yes,selected: selectedTower/Background/Menu/ProfileBanner
theme_owned,towerUnlocked,66,themes.ownedIds (tower-guild-dj),tower-guild-dj,yes,selected: selectedTower/Background/Menu/ProfileBanner
theme_owned,towerUnlocked,67,themes.ownedIds (tower-guild-pixel-soldier),tower-guild-pixel-soldier,yes,selected: selectedTower/Background/Menu/ProfileBanner
theme_owned,towerUnlocked,68,themes.ownedIds (tower-guild-restless-eye),tower-guild-restless-eye,yes,selected: selectedTower/Background/Menu/ProfileBanner
theme_owned,towerUnlocked,69,themes.ownedIds (tower-guild-shining-star),tower-guild-shining-star,yes,selected: selectedTower/Background/Menu/ProfileBanner
theme_owned,towerUnlocked,70,themes.ownedIds (tower-guild-space-telescope),tower-guild-space-telescope,yes,selected: selectedTower/Background/Menu/ProfileBanner
theme_owned,towerUnlocked,71,themes.ownedIds (tower-guild-bear),tower-guild-bear,yes,selected: selectedTower/Background/Menu/ProfileBanner
theme_owned,towerUnlocked,72,themes.ownedIds (tower-guild-rabbit-in-hat),tower-guild-rabbit-in-hat,yes,selected: selectedTower/Background/Menu/ProfileBanner
theme_owned,backgroundUnlocked,0,themes.ownedIds (bg-interstellar),bg-interstellar,yes,selected: selectedTower/Background/Menu/ProfileBanner
theme_owned,backgroundUnlocked,1,themes.ownedIds (bg-volcano),bg-volcano,yes,selected: selectedTower/Background/Menu/ProfileBanner
theme_owned,backgroundUnlocked,2,themes.ownedIds (bg-plasma-field),bg-plasma-field,yes,selected: selectedTower/Background/Menu/ProfileBanner
theme_owned,backgroundUnlocked,3,themes.ownedIds (bg-honeycomb),bg-honeycomb,yes,selected: selectedTower/Background/Menu/ProfileBanner
theme_owned,backgroundUnlocked,4,themes.ownedIds (bg-aurora),bg-aurora,yes,selected: selectedTower/Background/Menu/ProfileBanner
theme_owned,backgroundUnlocked,5,themes.ownedIds (bg-alien-ship),bg-alien-ship,yes,selected: selectedTower/Background/Menu/ProfileBanner
theme_owned,backgroundUnlocked,6,themes.ownedIds (bg-ocean-night),bg-ocean-night,yes,selected: selectedTower/Background/Menu/ProfileBanner
theme_owned,backgroundUnlocked,7,themes.ownedIds (bg-sakura),bg-sakura,yes,selected: selectedTower/Background/Menu/ProfileBanner
theme_owned,backgroundUnlocked,8,themes.ownedIds (bg-easter),bg-easter,yes,selected: selectedTower/Background/Menu/ProfileBanner
theme_owned,backgroundUnlocked,9,themes.ownedIds (bg-retrowave),bg-retrowave,yes,selected: selectedTower/Background/Menu/ProfileBanner
theme_owned,backgroundUnlocked,10,themes.ownedIds (bg-prismatic-lines),bg-prismatic-lines,yes,selected: selectedTower/Background/Menu/ProfileBanner
theme_owned,backgroundUnlocked,11,themes.ownedIds (bg-cobweb),bg-cobweb,yes,selected: selectedTower/Background/Menu/ProfileBanner
theme_owned,backgroundUnlocked,12,themes.ownedIds (bg-matrix),bg-matrix,yes,selected: selectedTower/Background/Menu/ProfileBanner
theme_owned,backgroundUnlocked,13,themes.ownedIds (bg-virus-field),bg-virus-field,yes,selected: selectedTower/Background/Menu/ProfileBanner
theme_owned,backgroundUnlocked,14,themes.ownedIds (bg-mountain-night),bg-mountain-night,yes,selected: selectedTower/Background/Menu/ProfileBanner
theme_owned,backgroundUnlocked,15,themes.ownedIds (bg-sandstorm),bg-sandstorm,yes,selected: selectedTower/Background/Menu/ProfileBanner
theme_owned,backgroundUnlocked,16,themes.ownedIds (bg-autumn-forest),bg-autumn-forest,yes,selected: selectedTower/Background/Menu/ProfileBanner
theme_owned,backgroundUnlocked,17,themes.ownedIds (bg-haunted-house),bg-haunted-house,yes,selected: selectedTower/Background/Menu/ProfileBanner
theme_owned,backgroundUnlocked,18,themes.ownedIds (bg-arcade),bg-arcade,yes,selected: selectedTower/Background/Menu/ProfileBanner
theme_owned,backgroundUnlocked,19,themes.ownedIds (bg-new-years),bg-new-years,yes,selected: selectedTower/Background/Menu/ProfileBanner
theme_owned,backgroundUnlocked,20,themes.ownedIds (bg-dark-strands),bg-dark-strands,yes,selected: selectedTower/Background/Menu/ProfileBanner
theme_owned,backgroundUnlocked,21,themes.ownedIds (bg-deep-sea),bg-deep-sea,yes,selected: selectedTower/Background/Menu/ProfileBanner
theme_owned,backgroundUnlocked,22,themes.ownedIds (bg-hyper-space),bg-hyper-space,yes,selected: selectedTower/Background/Menu/ProfileBanner
theme_owned,backgroundUnlocked,23,themes.ownedIds (bg-invasion),bg-invasion,yes,selected: selectedTower/Background/Menu/ProfileBanner
theme_owned,backgroundUnlocked,24,themes.ownedIds (bg-sunset-river),bg-sunset-river,yes,selected: selectedTower/Background/Menu/ProfileBanner
theme_owned,backgroundUnlocked,25,themes.ownedIds (bg-hurricane),bg-hurricane,yes,selected: selectedTower/Background/Menu/ProfileBanner
theme_owned,backgroundUnlocked,26,themes.ownedIds (bg-rainfall),bg-rainfall,yes,selected: selectedTower/Background/Menu/ProfileBanner
theme_owned,backgroundUnlocked,27,themes.ownedIds (bg-tv-wall),bg-tv-wall,yes,selected: selectedTower/Background/Menu/ProfileBanner
theme_owned,backgroundUnlocked,28,themes.ownedIds (bg-abduction),bg-abduction,yes,selected: selectedTower/Background/Menu/ProfileBanner
theme_owned,backgroundUnlocked,29,themes.ownedIds (bg-snowstorm),bg-snowstorm,yes,selected: selectedTower/Background/Menu/ProfileBanner
theme_owned,backgroundUnlocked,30,themes.ownedIds (bg-forest-of-cats),bg-forest-of-cats,yes,selected: selectedTower/Background/Menu/ProfileBanner
theme_owned,backgroundUnlocked,31,themes.ownedIds (bg-event-horizon),bg-event-horizon,yes,selected: selectedTower/Background/Menu/ProfileBanner
theme_owned,backgroundUnlocked,32,themes.ownedIds (bg-clock-tower),bg-clock-tower,yes,selected: selectedTower/Background/Menu/ProfileBanner
theme_owned,backgroundUnlocked,33,themes.ownedIds (bg-pi-disk),bg-pi-disk,yes,selected: selectedTower/Background/Menu/ProfileBanner
theme_owned,backgroundUnlocked,34,themes.ownedIds (bg-koi-pond),bg-koi-pond,yes,selected: selectedTower/Background/Menu/ProfileBanner
theme_owned,backgroundUnlocked,35,themes.ownedIds (bg-camping),bg-camping,yes,selected: selectedTower/Background/Menu/ProfileBanner
theme_owned,backgroundUnlocked,36,themes.ownedIds (bg-cthulhu),bg-cthulhu,yes,selected: selectedTower/Background/Menu/ProfileBanner
theme_owned,backgroundUnlocked,37,themes.ownedIds (bg-cyberpunk),bg-cyberpunk,yes,selected: selectedTower/Background/Menu/ProfileBanner
theme_owned,backgroundUnlocked,38,themes.ownedIds (bg-crystal-cave),bg-crystal-cave,yes,selected: selectedTower/Background/Menu/ProfileBanner
theme_owned,backgroundUnlocked,39,themes.ownedIds (bg-amusement-park),bg-amusement-park,yes,selected: selectedTower/Background/Menu/ProfileBanner
theme_owned,backgroundUnlocked,40,themes.ownedIds (bg-valentine),bg-valentine,yes,selected: selectedTower/Background/Menu/ProfileBanner
theme_owned,backgroundUnlocked,41,themes.ownedIds (bg-glitch),bg-glitch,yes,selected: selectedTower/Background/Menu/ProfileBanner
theme_owned,backgroundUnlocked,42,themes.ownedIds (bg-neuron),bg-neuron,yes,selected: selectedTower/Background/Menu/ProfileBanner
theme_owned,backgroundUnlocked,43,themes.ownedIds (bg-guild-throne-room),bg-guild-throne-room,yes,selected: selectedTower/Background/Menu/ProfileBanner
theme_owned,backgroundUnlocked,44,themes.ownedIds (bg-guild-mech-world),bg-guild-mech-world,yes,selected: selectedTower/Background/Menu/ProfileBanner
theme_owned,backgroundUnlocked,45,themes.ownedIds (bg-guild-party),bg-guild-party,yes,selected: selectedTower/Background/Menu/ProfileBanner
theme_owned,backgroundUnlocked,46,themes.ownedIds (bg-guild-pixel-alien-war),bg-guild-pixel-alien-war,yes,selected: selectedTower/Background/Menu/ProfileBanner
theme_owned,backgroundUnlocked,47,themes.ownedIds (bg-guild-crimson-horror),bg-guild-crimson-horror,yes,selected: selectedTower/Background/Menu/ProfileBanner
theme_owned,backgroundUnlocked,48,themes.ownedIds (bg-guild-cozy-cosmos),bg-guild-cozy-cosmos,yes,selected: selectedTower/Background/Menu/ProfileBanner
theme_owned,backgroundUnlocked,49,themes.ownedIds (bg-guild-supernova),bg-guild-supernova,yes,selected: selectedTower/Background/Menu/ProfileBanner
theme_owned,backgroundUnlocked,50,themes.ownedIds (bg-guild-claw-machine),bg-guild-claw-machine,yes,selected: selectedTower/Background/Menu/ProfileBanner
theme_owned,backgroundUnlocked,51,themes.ownedIds (bg-guild-magician),bg-guild-magician,yes,selected: selectedTower/Background/Menu/ProfileBanner
theme_owned,menuUnlocked,0,themes.ownedIds (menu-dark-being),menu-dark-being,yes,selected: selectedTower/Background/Menu/ProfileBanner
theme_owned,menuUnlocked,1,themes.ownedIds (menu-mech),menu-mech,yes,selected: selectedTower/Background/Menu/ProfileBanner
theme_owned,menuUnlocked,2,themes.ownedIds (menu-party),menu-party,yes,selected: selectedTower/Background/Menu/ProfileBanner
theme_owned,menuUnlocked,3,themes.ownedIds (menu-pixel),menu-pixel,yes,selected: selectedTower/Background/Menu/ProfileBanner
theme_owned,menuUnlocked,4,themes.ownedIds (menu-horror),menu-horror,yes,selected: selectedTower/Background/Menu/ProfileBanner
theme_owned,menuUnlocked,5,themes.ownedIds (menu-cosmos),menu-cosmos,yes,selected: selectedTower/Background/Menu/ProfileBanner
theme_owned,menuUnlocked,6,themes.ownedIds (menu-supernova),menu-supernova,yes,selected: selectedTower/Background/Menu/ProfileBanner
theme_owned,menuUnlocked,7,themes.ownedIds (menu-claw),menu-claw,yes,selected: selectedTower/Background/Menu/ProfileBanner
theme_owned,menuUnlocked,8,themes.ownedIds (menu-magician),menu-magician,yes,selected: selectedTower/Background/Menu/ProfileBanner
theme_owned,profileBannerUnlocked,0,themes.ownedIds (banner-mech),banner-mech,yes,selected: selectedTower/Background/Menu/ProfileBanner
theme_owned,profileBannerUnlocked,1,themes.ownedIds (banner-party),banner-party,yes,selected: selectedTower/Background/Menu/ProfileBanner
theme_owned,profileBannerUnlocked,2,themes.ownedIds (banner-pixel),banner-pixel,yes,selected: selectedTower/Background/Menu/ProfileBanner
theme_owned,profileBannerUnlocked,3,themes.ownedIds (banner-horror),banner-horror,yes,selected: selectedTower/Background/Menu/ProfileBanner
theme_owned,profileBannerUnlocked,4,themes.ownedIds (banner-cosmos),banner-cosmos,yes,selected: selectedTower/Background/Menu/ProfileBanner
theme_owned,profileBannerUnlocked,5,themes.ownedIds (banner-supernova),banner-supernova,yes,selected: selectedTower/Background/Menu/ProfileBanner
theme_owned,profileBannerUnlocked,6,themes.ownedIds (banner-claw),banner-claw,yes,selected: selectedTower/Background/Menu/ProfileBanner
theme_owned,profileBannerUnlocked,7,themes.ownedIds (banner-magician),banner-magician,yes,selected: selectedTower/Background/Menu/ProfileBanner
theme_selection,selectedTower,—,themes.selection.tower,Selected tower theme,yes,index into towerUnlocked catalog
theme_selection,selectedBackground,—,themes.selection.background,Selected background theme,yes,
theme_selection,selectedMenu,—,themes.selection.menus,Selected menu theme,yes,
theme_selection,selectedProfileBanner,—,themes.selection.banners,Selected banner theme,yes,
module_equipped,moduleEquipped,0,module slot cannon,cannon,partial,level + rarity only; chassis id (infoIndex) not mapped
module_equipped,moduleEquipped,1,module slot armor,armor,partial,level + rarity only; chassis id (infoIndex) not mapped
module_equipped,moduleEquipped,2,module slot generator,generator,partial,level + rarity only; chassis id (infoIndex) not mapped
module_equipped,moduleEquipped,3,module slot core,core,partial,level + rarity only; chassis id (infoIndex) not mapped
workshop_preset,currentWorkshopPreset,—,(not imported),Active workshop preset,no,
